{
    "name": "Global Information",
    "numberOfRequests": {
        "total": 4000,
        "ok": 4000,
        "ko": 0
    },
    "minResponseTime": {
        "total": 23,
        "ok": 23,
        "ko": 0
    },
    "maxResponseTime": {
        "total": 944,
        "ok": 944,
        "ko": 0
    },
    "meanResponseTime": {
        "total": 60,
        "ok": 60,
        "ko": 0
    },
    "standardDeviation": {
        "total": 56,
        "ok": 56,
        "ko": 0
    },
    "percentiles1": {
        "total": 57,
        "ok": 57,
        "ko": 0
    },
    "percentiles2": {
        "total": 70,
        "ok": 70,
        "ko": 0
    },
    "percentiles3": {
        "total": 97,
        "ok": 97,
        "ko": 0
    },
    "percentiles4": {
        "total": 194,
        "ok": 194,
        "ko": 0
    },
    "group1": {
    "name": "t < 800 ms",
    "count": 3990,
    "percentage": 100
},
    "group2": {
    "name": "800 ms < t < 1200 ms",
    "count": 10,
    "percentage": 0
},
    "group3": {
    "name": "t > 1200 ms",
    "count": 0,
    "percentage": 0
},
    "group4": {
    "name": "failed",
    "count": 0,
    "percentage": 0
},
    "meanNumberOfRequestsPerSecond": {
        "total": 7.619047619047619,
        "ok": 7.619047619047619,
        "ko": 0
    }
}