{
  "type": "GROUP",
"name": "Global Information",
"path": "",
"pathFormatted": "group_missing-name-b06d1",
"stats": {
    "name": "Global Information",
    "numberOfRequests": {
        "total": 4000,
        "ok": 4000,
        "ko": 0
    },
    "minResponseTime": {
        "total": 23,
        "ok": 23,
        "ko": 0
    },
    "maxResponseTime": {
        "total": 944,
        "ok": 944,
        "ko": 0
    },
    "meanResponseTime": {
        "total": 60,
        "ok": 60,
        "ko": 0
    },
    "standardDeviation": {
        "total": 56,
        "ok": 56,
        "ko": 0
    },
    "percentiles1": {
        "total": 57,
        "ok": 57,
        "ko": 0
    },
    "percentiles2": {
        "total": 70,
        "ok": 70,
        "ko": 0
    },
    "percentiles3": {
        "total": 97,
        "ok": 97,
        "ko": 0
    },
    "percentiles4": {
        "total": 194,
        "ok": 194,
        "ko": 0
    },
    "group1": {
    "name": "t < 800 ms",
    "count": 3990,
    "percentage": 100
},
    "group2": {
    "name": "800 ms < t < 1200 ms",
    "count": 10,
    "percentage": 0
},
    "group3": {
    "name": "t > 1200 ms",
    "count": 0,
    "percentage": 0
},
    "group4": {
    "name": "failed",
    "count": 0,
    "percentage": 0
},
    "meanNumberOfRequestsPerSecond": {
        "total": 7.619047619047619,
        "ok": 7.619047619047619,
        "ko": 0
    }
},
"contents": {
"req_updating-home-p-6129b": {
        "type": "REQUEST",
        "name": "updating home page",
"path": "updating home page",
"pathFormatted": "req_updating-home-p-6129b",
"stats": {
    "name": "updating home page",
    "numberOfRequests": {
        "total": 2000,
        "ok": 2000,
        "ko": 0
    },
    "minResponseTime": {
        "total": 23,
        "ok": 23,
        "ko": 0
    },
    "maxResponseTime": {
        "total": 403,
        "ok": 403,
        "ko": 0
    },
    "meanResponseTime": {
        "total": 38,
        "ok": 38,
        "ko": 0
    },
    "standardDeviation": {
        "total": 23,
        "ok": 23,
        "ko": 0
    },
    "percentiles1": {
        "total": 34,
        "ok": 34,
        "ko": 0
    },
    "percentiles2": {
        "total": 40,
        "ok": 40,
        "ko": 0
    },
    "percentiles3": {
        "total": 57,
        "ok": 57,
        "ko": 0
    },
    "percentiles4": {
        "total": 83,
        "ok": 83,
        "ko": 0
    },
    "group1": {
    "name": "t < 800 ms",
    "count": 2000,
    "percentage": 100
},
    "group2": {
    "name": "800 ms < t < 1200 ms",
    "count": 0,
    "percentage": 0
},
    "group3": {
    "name": "t > 1200 ms",
    "count": 0,
    "percentage": 0
},
    "group4": {
    "name": "failed",
    "count": 0,
    "percentage": 0
},
    "meanNumberOfRequestsPerSecond": {
        "total": 3.8095238095238093,
        "ok": 3.8095238095238093,
        "ko": 0
    }
}
    },"req_adding-item-b9d2d": {
        "type": "REQUEST",
        "name": "adding item",
"path": "adding item",
"pathFormatted": "req_adding-item-b9d2d",
"stats": {
    "name": "adding item",
    "numberOfRequests": {
        "total": 1000,
        "ok": 1000,
        "ko": 0
    },
    "minResponseTime": {
        "total": 52,
        "ok": 52,
        "ko": 0
    },
    "maxResponseTime": {
        "total": 944,
        "ok": 944,
        "ko": 0
    },
    "meanResponseTime": {
        "total": 89,
        "ok": 89,
        "ko": 0
    },
    "standardDeviation": {
        "total": 95,
        "ok": 95,
        "ko": 0
    },
    "percentiles1": {
        "total": 70,
        "ok": 70,
        "ko": 0
    },
    "percentiles2": {
        "total": 82,
        "ok": 82,
        "ko": 0
    },
    "percentiles3": {
        "total": 134,
        "ok": 134,
        "ko": 0
    },
    "percentiles4": {
        "total": 516,
        "ok": 516,
        "ko": 0
    },
    "group1": {
    "name": "t < 800 ms",
    "count": 990,
    "percentage": 99
},
    "group2": {
    "name": "800 ms < t < 1200 ms",
    "count": 10,
    "percentage": 1
},
    "group3": {
    "name": "t > 1200 ms",
    "count": 0,
    "percentage": 0
},
    "group4": {
    "name": "failed",
    "count": 0,
    "percentage": 0
},
    "meanNumberOfRequestsPerSecond": {
        "total": 1.9047619047619047,
        "ok": 1.9047619047619047,
        "ko": 0
    }
}
    },"req_deleting-item-86979": {
        "type": "REQUEST",
        "name": "deleting item",
"path": "deleting item",
"pathFormatted": "req_deleting-item-86979",
"stats": {
    "name": "deleting item",
    "numberOfRequests": {
        "total": 1000,
        "ok": 1000,
        "ko": 0
    },
    "minResponseTime": {
        "total": 51,
        "ok": 51,
        "ko": 0
    },
    "maxResponseTime": {
        "total": 220,
        "ok": 220,
        "ko": 0
    },
    "meanResponseTime": {
        "total": 74,
        "ok": 74,
        "ko": 0
    },
    "standardDeviation": {
        "total": 17,
        "ok": 17,
        "ko": 0
    },
    "percentiles1": {
        "total": 69,
        "ok": 69,
        "ko": 0
    },
    "percentiles2": {
        "total": 81,
        "ok": 81,
        "ko": 0
    },
    "percentiles3": {
        "total": 101,
        "ok": 101,
        "ko": 0
    },
    "percentiles4": {
        "total": 144,
        "ok": 144,
        "ko": 0
    },
    "group1": {
    "name": "t < 800 ms",
    "count": 1000,
    "percentage": 100
},
    "group2": {
    "name": "800 ms < t < 1200 ms",
    "count": 0,
    "percentage": 0
},
    "group3": {
    "name": "t > 1200 ms",
    "count": 0,
    "percentage": 0
},
    "group4": {
    "name": "failed",
    "count": 0,
    "percentage": 0
},
    "meanNumberOfRequestsPerSecond": {
        "total": 1.9047619047619047,
        "ok": 1.9047619047619047,
        "ko": 0
    }
}
    }
}

}