{
    "name": "Global Information",
    "numberOfRequests": {
        "total": 400,
        "ok": 400,
        "ko": 0
    },
    "minResponseTime": {
        "total": 1,
        "ok": 1,
        "ko": 0
    },
    "maxResponseTime": {
        "total": 2905,
        "ok": 2905,
        "ko": 0
    },
    "meanResponseTime": {
        "total": 599,
        "ok": 599,
        "ko": 0
    },
    "standardDeviation": {
        "total": 607,
        "ok": 607,
        "ko": 0
    },
    "percentiles1": {
        "total": 243,
        "ok": 243,
        "ko": 0
    },
    "percentiles2": {
        "total": 1135,
        "ok": 1135,
        "ko": 0
    },
    "percentiles3": {
        "total": 1901,
        "ok": 1901,
        "ko": 0
    },
    "percentiles4": {
        "total": 2201,
        "ok": 2201,
        "ko": 0
    },
    "group1": {
    "name": "t < 800 ms",
    "count": 219,
    "percentage": 55
},
    "group2": {
    "name": "800 ms < t < 1200 ms",
    "count": 111,
    "percentage": 28
},
    "group3": {
    "name": "t > 1200 ms",
    "count": 70,
    "percentage": 18
},
    "group4": {
    "name": "failed",
    "count": 0,
    "percentage": 0
},
    "meanNumberOfRequestsPerSecond": {
        "total": 44.44444444444444,
        "ok": 44.44444444444444,
        "ko": 0
    }
}