{
  "type": "GROUP",
"name": "Global Information",
"path": "",
"pathFormatted": "group_missing-name-b06d1",
"stats": {
    "name": "Global Information",
    "numberOfRequests": {
        "total": 400,
        "ok": 400,
        "ko": 0
    },
    "minResponseTime": {
        "total": 1,
        "ok": 1,
        "ko": 0
    },
    "maxResponseTime": {
        "total": 2905,
        "ok": 2905,
        "ko": 0
    },
    "meanResponseTime": {
        "total": 599,
        "ok": 599,
        "ko": 0
    },
    "standardDeviation": {
        "total": 607,
        "ok": 607,
        "ko": 0
    },
    "percentiles1": {
        "total": 243,
        "ok": 243,
        "ko": 0
    },
    "percentiles2": {
        "total": 1135,
        "ok": 1135,
        "ko": 0
    },
    "percentiles3": {
        "total": 1901,
        "ok": 1901,
        "ko": 0
    },
    "percentiles4": {
        "total": 2201,
        "ok": 2201,
        "ko": 0
    },
    "group1": {
    "name": "t < 800 ms",
    "count": 219,
    "percentage": 55
},
    "group2": {
    "name": "800 ms < t < 1200 ms",
    "count": 111,
    "percentage": 28
},
    "group3": {
    "name": "t > 1200 ms",
    "count": 70,
    "percentage": 18
},
    "group4": {
    "name": "failed",
    "count": 0,
    "percentage": 0
},
    "meanNumberOfRequestsPerSecond": {
        "total": 44.44444444444444,
        "ok": 44.44444444444444,
        "ko": 0
    }
},
"contents": {
"req_updating-home-p-6129b": {
        "type": "REQUEST",
        "name": "updating home page",
"path": "updating home page",
"pathFormatted": "req_updating-home-p-6129b",
"stats": {
    "name": "updating home page",
    "numberOfRequests": {
        "total": 200,
        "ok": 200,
        "ko": 0
    },
    "minResponseTime": {
        "total": 1,
        "ok": 1,
        "ko": 0
    },
    "maxResponseTime": {
        "total": 217,
        "ok": 217,
        "ko": 0
    },
    "meanResponseTime": {
        "total": 84,
        "ok": 84,
        "ko": 0
    },
    "standardDeviation": {
        "total": 81,
        "ok": 81,
        "ko": 0
    },
    "percentiles1": {
        "total": 59,
        "ok": 59,
        "ko": 0
    },
    "percentiles2": {
        "total": 167,
        "ok": 167,
        "ko": 0
    },
    "percentiles3": {
        "total": 199,
        "ok": 199,
        "ko": 0
    },
    "percentiles4": {
        "total": 208,
        "ok": 208,
        "ko": 0
    },
    "group1": {
    "name": "t < 800 ms",
    "count": 200,
    "percentage": 100
},
    "group2": {
    "name": "800 ms < t < 1200 ms",
    "count": 0,
    "percentage": 0
},
    "group3": {
    "name": "t > 1200 ms",
    "count": 0,
    "percentage": 0
},
    "group4": {
    "name": "failed",
    "count": 0,
    "percentage": 0
},
    "meanNumberOfRequestsPerSecond": {
        "total": 22.22222222222222,
        "ok": 22.22222222222222,
        "ko": 0
    }
}
    },"req_adding-item-b9d2d": {
        "type": "REQUEST",
        "name": "adding item",
"path": "adding item",
"pathFormatted": "req_adding-item-b9d2d",
"stats": {
    "name": "adding item",
    "numberOfRequests": {
        "total": 100,
        "ok": 100,
        "ko": 0
    },
    "minResponseTime": {
        "total": 268,
        "ok": 268,
        "ko": 0
    },
    "maxResponseTime": {
        "total": 2905,
        "ok": 2905,
        "ko": 0
    },
    "meanResponseTime": {
        "total": 1260,
        "ok": 1260,
        "ko": 0
    },
    "standardDeviation": {
        "total": 534,
        "ok": 534,
        "ko": 0
    },
    "percentiles1": {
        "total": 1215,
        "ok": 1215,
        "ko": 0
    },
    "percentiles2": {
        "total": 1284,
        "ok": 1284,
        "ko": 0
    },
    "percentiles3": {
        "total": 2164,
        "ok": 2164,
        "ko": 0
    },
    "percentiles4": {
        "total": 2231,
        "ok": 2231,
        "ko": 0
    },
    "group1": {
    "name": "t < 800 ms",
    "count": 15,
    "percentage": 15
},
    "group2": {
    "name": "800 ms < t < 1200 ms",
    "count": 27,
    "percentage": 27
},
    "group3": {
    "name": "t > 1200 ms",
    "count": 58,
    "percentage": 58
},
    "group4": {
    "name": "failed",
    "count": 0,
    "percentage": 0
},
    "meanNumberOfRequestsPerSecond": {
        "total": 11.11111111111111,
        "ok": 11.11111111111111,
        "ko": 0
    }
}
    },"req_deleting-item-86979": {
        "type": "REQUEST",
        "name": "deleting item",
"path": "deleting item",
"pathFormatted": "req_deleting-item-86979",
"stats": {
    "name": "deleting item",
    "numberOfRequests": {
        "total": 100,
        "ok": 100,
        "ko": 0
    },
    "minResponseTime": {
        "total": 336,
        "ok": 336,
        "ko": 0
    },
    "maxResponseTime": {
        "total": 2274,
        "ok": 2274,
        "ko": 0
    },
    "meanResponseTime": {
        "total": 967,
        "ok": 967,
        "ko": 0
    },
    "standardDeviation": {
        "total": 272,
        "ok": 272,
        "ko": 0
    },
    "percentiles1": {
        "total": 875,
        "ok": 875,
        "ko": 0
    },
    "percentiles2": {
        "total": 1088,
        "ok": 1088,
        "ko": 0
    },
    "percentiles3": {
        "total": 1280,
        "ok": 1280,
        "ko": 0
    },
    "percentiles4": {
        "total": 2105,
        "ok": 2105,
        "ko": 0
    },
    "group1": {
    "name": "t < 800 ms",
    "count": 4,
    "percentage": 4
},
    "group2": {
    "name": "800 ms < t < 1200 ms",
    "count": 84,
    "percentage": 84
},
    "group3": {
    "name": "t > 1200 ms",
    "count": 12,
    "percentage": 12
},
    "group4": {
    "name": "failed",
    "count": 0,
    "percentage": 0
},
    "meanNumberOfRequestsPerSecond": {
        "total": 11.11111111111111,
        "ok": 11.11111111111111,
        "ko": 0
    }
}
    }
}

}