{
  "type": "GROUP",
"name": "Global Information",
"path": "",
"pathFormatted": "group_missing-name-b06d1",
"stats": {
    "name": "Global Information",
    "numberOfRequests": {
        "total": 12000,
        "ok": 11603,
        "ko": 397
    },
    "minResponseTime": {
        "total": 111,
        "ok": 111,
        "ko": 60000
    },
    "maxResponseTime": {
        "total": 60009,
        "ok": 59997,
        "ko": 60009
    },
    "meanResponseTime": {
        "total": 40608,
        "ok": 39944,
        "ko": 60000
    },
    "standardDeviation": {
        "total": 19160,
        "ok": 19140,
        "ko": 1
    },
    "percentiles1": {
        "total": 41250,
        "ok": 30946,
        "ko": 60000
    },
    "percentiles2": {
        "total": 58916,
        "ok": 58845,
        "ko": 60000
    },
    "percentiles3": {
        "total": 59800,
        "ok": 59379,
        "ko": 60001
    },
    "percentiles4": {
        "total": 60000,
        "ok": 59872,
        "ko": 60004
    },
    "group1": {
    "name": "t < 800 ms",
    "count": 101,
    "percentage": 1
},
    "group2": {
    "name": "800 ms < t < 1200 ms",
    "count": 13,
    "percentage": 0
},
    "group3": {
    "name": "t > 1200 ms",
    "count": 11489,
    "percentage": 96
},
    "group4": {
    "name": "failed",
    "count": 397,
    "percentage": 3
},
    "meanNumberOfRequestsPerSecond": {
        "total": 65.21739130434783,
        "ok": 63.05978260869565,
        "ko": 2.157608695652174
    }
},
"contents": {
"req_updating-home-p-6129b": {
        "type": "REQUEST",
        "name": "updating home page",
"path": "updating home page",
"pathFormatted": "req_updating-home-p-6129b",
"stats": {
    "name": "updating home page",
    "numberOfRequests": {
        "total": 6000,
        "ok": 6000,
        "ko": 0
    },
    "minResponseTime": {
        "total": 111,
        "ok": 111,
        "ko": 0
    },
    "maxResponseTime": {
        "total": 33816,
        "ok": 33816,
        "ko": 0
    },
    "meanResponseTime": {
        "total": 22511,
        "ok": 22511,
        "ko": 0
    },
    "standardDeviation": {
        "total": 8836,
        "ok": 8836,
        "ko": 0
    },
    "percentiles1": {
        "total": 27766,
        "ok": 27766,
        "ko": 0
    },
    "percentiles2": {
        "total": 28806,
        "ok": 28806,
        "ko": 0
    },
    "percentiles3": {
        "total": 30501,
        "ok": 30501,
        "ko": 0
    },
    "percentiles4": {
        "total": 32391,
        "ok": 32391,
        "ko": 0
    },
    "group1": {
    "name": "t < 800 ms",
    "count": 101,
    "percentage": 2
},
    "group2": {
    "name": "800 ms < t < 1200 ms",
    "count": 13,
    "percentage": 0
},
    "group3": {
    "name": "t > 1200 ms",
    "count": 5886,
    "percentage": 98
},
    "group4": {
    "name": "failed",
    "count": 0,
    "percentage": 0
},
    "meanNumberOfRequestsPerSecond": {
        "total": 32.608695652173914,
        "ok": 32.608695652173914,
        "ko": 0
    }
}
    },"req_adding-item-b9d2d": {
        "type": "REQUEST",
        "name": "adding item",
"path": "adding item",
"pathFormatted": "req_adding-item-b9d2d",
"stats": {
    "name": "adding item",
    "numberOfRequests": {
        "total": 3000,
        "ok": 2682,
        "ko": 318
    },
    "minResponseTime": {
        "total": 51207,
        "ok": 51207,
        "ko": 60000
    },
    "maxResponseTime": {
        "total": 60009,
        "ok": 59997,
        "ko": 60009
    },
    "meanResponseTime": {
        "total": 58807,
        "ok": 58665,
        "ko": 60000
    },
    "standardDeviation": {
        "total": 1347,
        "ok": 1357,
        "ko": 1
    },
    "percentiles1": {
        "total": 59057,
        "ok": 59017,
        "ko": 60000
    },
    "percentiles2": {
        "total": 59391,
        "ok": 59239,
        "ko": 60000
    },
    "percentiles3": {
        "total": 60000,
        "ok": 59854,
        "ko": 60002
    },
    "percentiles4": {
        "total": 60001,
        "ok": 59961,
        "ko": 60005
    },
    "group1": {
    "name": "t < 800 ms",
    "count": 0,
    "percentage": 0
},
    "group2": {
    "name": "800 ms < t < 1200 ms",
    "count": 0,
    "percentage": 0
},
    "group3": {
    "name": "t > 1200 ms",
    "count": 2682,
    "percentage": 89
},
    "group4": {
    "name": "failed",
    "count": 318,
    "percentage": 11
},
    "meanNumberOfRequestsPerSecond": {
        "total": 16.304347826086957,
        "ok": 14.576086956521738,
        "ko": 1.7282608695652173
    }
}
    },"req_deleting-item-86979": {
        "type": "REQUEST",
        "name": "deleting item",
"path": "deleting item",
"pathFormatted": "req_deleting-item-86979",
"stats": {
    "name": "deleting item",
    "numberOfRequests": {
        "total": 3000,
        "ok": 2921,
        "ko": 79
    },
    "minResponseTime": {
        "total": 56781,
        "ok": 56781,
        "ko": 60000
    },
    "maxResponseTime": {
        "total": 60001,
        "ok": 59975,
        "ko": 60001
    },
    "meanResponseTime": {
        "total": 58602,
        "ok": 58564,
        "ko": 60000
    },
    "standardDeviation": {
        "total": 646,
        "ok": 612,
        "ko": 0
    },
    "percentiles1": {
        "total": 58743,
        "ok": 58727,
        "ko": 60000
    },
    "percentiles2": {
        "total": 59041,
        "ok": 59027,
        "ko": 60000
    },
    "percentiles3": {
        "total": 59464,
        "ok": 59377,
        "ko": 60001
    },
    "percentiles4": {
        "total": 60000,
        "ok": 59553,
        "ko": 60001
    },
    "group1": {
    "name": "t < 800 ms",
    "count": 0,
    "percentage": 0
},
    "group2": {
    "name": "800 ms < t < 1200 ms",
    "count": 0,
    "percentage": 0
},
    "group3": {
    "name": "t > 1200 ms",
    "count": 2921,
    "percentage": 97
},
    "group4": {
    "name": "failed",
    "count": 79,
    "percentage": 3
},
    "meanNumberOfRequestsPerSecond": {
        "total": 16.304347826086957,
        "ok": 15.875,
        "ko": 0.42934782608695654
    }
}
    }
}

}